"word","meaning","status","lessonNumber","tags","partOfSpeech","audioWordFilename","audioMeaningFilename","pinyin","source","notes"
"才","only then","new","1","Bridge / grammar;old bridge lexicon","","words/才.mp3","meanings/only then.mp3","cái","old bridge lexicon","High-reuse connector or function word that makes simple LMS stories less stiff."
"其实","actually","new","1","Bridge / grammar;old bridge lexicon","","words/其实.mp3","meanings/actually.mp3","qí shí","old bridge lexicon","High-reuse connector or function word that makes simple LMS stories less stiff."
"立刻","at once","new","1","Bridge / grammar;old bridge lexicon","","words/立刻.mp3","meanings/at once.mp3","lì kè","old bridge lexicon","High-reuse connector or function word that makes simple LMS stories less stiff."
"突然","suddenly","new","1","Bridge / grammar;old bridge lexicon","","words/突然.mp3","meanings/suddenly.mp3","tū rán","old bridge lexicon","High-reuse connector or function word that makes simple LMS stories less stiff."
"刚刚","just now","new","1","Bridge / grammar;old bridge lexicon","","words/刚刚.mp3","meanings/just now.mp3","gāng gāng","old bridge lexicon","High-reuse connector or function word that makes simple LMS stories less stiff."
"原来","it turns out","new","2","Bridge / grammar;old bridge lexicon","","words/原来.mp3","meanings/it turns out.mp3","yuán lái","old bridge lexicon","High-reuse connector or function word that makes simple LMS stories less stiff."
"之前","before","new","2","Bridge / grammar;old bridge lexicon","","words/之前.mp3","meanings/before.mp3","zhī qián","old bridge lexicon","High-reuse connector or function word that makes simple LMS stories less stiff."
"所有","all of","new","2","Bridge / grammar;old bridge lexicon","","words/所有.mp3","meanings/all of.mp3","suǒ yǒu","old bridge lexicon","High-reuse connector or function word that makes simple LMS stories less stiff."
"任何","any","new","2","Bridge / grammar;old bridge lexicon","","words/任何.mp3","meanings/any.mp3","rèn hé","old bridge lexicon","High-reuse connector or function word that makes simple LMS stories less stiff."
"因此","therefore","new","2","Bridge / grammar;old bridge lexicon","","words/因此.mp3","meanings/therefore.mp3","yīn cǐ","old bridge lexicon","High-reuse connector or function word that makes simple LMS stories less stiff."
"虽然","although","new","3","Bridge / grammar;old bridge lexicon","","words/虽然.mp3","meanings/although.mp3","suī rán","old bridge lexicon","High-reuse connector or function word that makes simple LMS stories less stiff."
"而且","and also; moreover","new","3","Bridge / grammar;old bridge lexicon","","words/而且.mp3","meanings/and also; moreover.mp3","ér qiě","old bridge lexicon","High-reuse connector or function word that makes simple LMS stories less stiff."
"于是","so then","new","3","Bridge / grammar;old bridge lexicon","","words/于是.mp3","meanings/so then.mp3","yú shì","old bridge lexicon","High-reuse connector or function word that makes simple LMS stories less stiff."
"被","passive marker","new","3","Bridge / grammar;old bridge lexicon","","words/被.mp3","meanings/passive marker.mp3","bèi","old bridge lexicon","High-reuse connector or function word that makes simple LMS stories less stiff."
"通过","through; by means of","new","3","Bridge / grammar;old bridge lexicon","","words/通过.mp3","meanings/through; by means of.mp3","tōng guò","old bridge lexicon","High-reuse connector or function word that makes simple LMS stories less stiff."
"按照","according to","new","4","Bridge / grammar;old bridge lexicon","","words/按照.mp3","meanings/according to.mp3","àn zhào","old bridge lexicon","High-reuse connector or function word that makes simple LMS stories less stiff."
"直到","until","new","4","Bridge / grammar;old bridge lexicon","","words/直到.mp3","meanings/until.mp3","zhí dào","old bridge lexicon","High-reuse connector or function word that makes simple LMS stories less stiff."
"除了","except for","new","4","Bridge / grammar;old bridge lexicon","","words/除了.mp3","meanings/except for.mp3","chú le","old bridge lexicon","High-reuse connector or function word that makes simple LMS stories less stiff."
"即使","even if","new","4","Bridge / grammar;old bridge lexicon","","words/即使.mp3","meanings/even if.mp3","jí shǐ","old bridge lexicon","High-reuse connector or function word that makes simple LMS stories less stiff."
"曾经","once previously","new","4","Bridge / grammar;old bridge lexicon","","words/曾经.mp3","meanings/once previously.mp3","céng jīng","old bridge lexicon","High-reuse connector or function word that makes simple LMS stories less stiff."
"仍然","still","new","5","Bridge / grammar;old bridge lexicon","","words/仍然.mp3","meanings/still.mp3","réng rán","old bridge lexicon","High-reuse connector or function word that makes simple LMS stories less stiff."
"一切","everything","new","5","Bridge / grammar;old bridge lexicon","","words/一切.mp3","meanings/everything.mp3","yí qiè","old bridge lexicon","High-reuse connector or function word that makes simple LMS stories less stiff."
"同时","at the same time","new","5","Bridge / grammar;old bridge lexicon","","words/同时.mp3","meanings/at the same time.mp3","tóng shí","old bridge lexicon","High-reuse connector or function word that makes simple LMS stories less stiff."
"照顾","to take care of","new","5","Action verb;current story new_words (b01c01-sell-old-account)","","words/照顾.mp3","meanings/to take care of.mp3","zhào gù","current story new_words (b01c01-sell-old-account)","Reusable verb for work, training, choices, conflict, and character change."
"愣","to freeze for a moment","new","5","Action verb;current story new_words (b01c01-sell-old-account)","","words/愣.mp3","meanings/to freeze for a moment.mp3","lèng","current story new_words (b01c01-sell-old-account)","Reusable verb for work, training, choices, conflict, and character change."
"松一口气","to feel relieved","new","6","Action verb;current story new_words (b01c01-sell-old-account)","","words/松一口气.mp3","meanings/to feel relieved.mp3","sōng yì kǒu qì","current story new_words (b01c01-sell-old-account)","Reusable verb for work, training, choices, conflict, and character change."
"擦伤","scrape; abrasion","new","6","Action verb;current story new_words (b01c01-hide-tired-hands)","","words/擦伤.mp3","meanings/scrape; abrasion.mp3","cā shāng","current story new_words (b01c01-hide-tired-hands)","Reusable verb for work, training, choices, conflict, and character change."
"逞强","to act tough","new","6","Action verb;current story new_words (b01c01-hide-tired-hands)","","words/逞强.mp3","meanings/to act tough.mp3","chěng qiáng","current story new_words (b01c01-hide-tired-hands)","Reusable verb for work, training, choices, conflict, and character change."
"包扎","to bandage","new","6","Action verb;current story new_words (b01c01-hide-tired-hands)","","words/包扎.mp3","meanings/to bandage.mp3","bāo zā","current story new_words (b01c01-hide-tired-hands)","Reusable verb for work, training, choices, conflict, and character change."
"重复","to repeat","new","6","Action verb;current story new_words (b01c02-last-one-in-the-yard)","","words/重复.mp3","meanings/to repeat.mp3","chóng fù","current story new_words (b01c02-last-one-in-the-yard)","Reusable verb for work, training, choices, conflict, and character change."
"提醒","to remind","new","7","Action verb;current story new_words (b01c02-last-one-in-the-yard)","","words/提醒.mp3","meanings/to remind.mp3","tí xǐng","current story new_words (b01c02-last-one-in-the-yard)","Reusable verb for work, training, choices, conflict, and character change."
"开口","to speak up","new","7","Action verb;current story new_words (b01c02-last-one-in-the-yard)","","words/开口.mp3","meanings/to speak up.mp3","kāi kǒu","current story new_words (b01c02-last-one-in-the-yard)","Reusable verb for work, training, choices, conflict, and character change."
"浪费","to waste","new","7","Action verb;current story new_words (b01c03-listen-to-the-story)","","words/浪费.mp3","meanings/to waste.mp3","làng fèi","current story new_words (b01c03-listen-to-the-story)","Reusable verb for work, training, choices, conflict, and character change."
"提到","to mention","new","7","Action verb;current story new_words (b01c03-last-old-sentence)","","words/提到.mp3","meanings/to mention.mp3","tí dào","current story new_words (b01c03-last-old-sentence)","Reusable verb for work, training, choices, conflict, and character change."
"记下","to write down","new","7","Action verb;current story new_words (b01c03-last-old-sentence)","","words/记下.mp3","meanings/to write down.mp3","jì xià","current story new_words (b01c03-last-old-sentence)","Reusable verb for work, training, choices, conflict, and character change."
"选择","to choose","new","8","Action verb;current story new_words (b01c04-useless-looking-job)","","words/选择.mp3","meanings/to choose.mp3","xuǎn zé","current story new_words (b01c04-useless-looking-job)","Reusable verb for work, training, choices, conflict, and character change."
"珍惜","to treasure","new","8","Action verb;current story new_words (b01c04-first-sculpting-knife)","","words/珍惜.mp3","meanings/to treasure.mp3","zhēn xī","current story new_words (b01c04-first-sculpting-knife)","Reusable verb for work, training, choices, conflict, and character change."
"重新","again; from the start","new","8","Action verb;current story new_words (b01c05-first-piece-of-wood)","","words/重新.mp3","meanings/again; from the start.mp3","chóng xīn","current story new_words (b01c05-first-piece-of-wood)","Reusable verb for work, training, choices, conflict, and character change."
"取笑","to mock","new","8","Action verb;current story new_words (b01c05-no-one-laughed)","","words/取笑.mp3","meanings/to mock.mp3","qǔ xiào","current story new_words (b01c05-no-one-laughed)","Reusable verb for work, training, choices, conflict, and character change."
"降","to lower","new","8","Action verb;current story new_words (b01c06-unsold-carving)","","words/降.mp3","meanings/to lower.mp3","jiàng","current story new_words (b01c06-unsold-carving)","Reusable verb for work, training, choices, conflict, and character change."
"摆着","to leave on display","new","9","Action verb;current story new_words (b01c06-unsold-carving)","","words/摆着.mp3","meanings/to leave on display.mp3","bǎi zhe","current story new_words (b01c06-unsold-carving)","Reusable verb for work, training, choices, conflict, and character change."
"开玩笑","to joke","new","9","Action verb;current story new_words (b01c06-unsold-carving)","","words/开玩笑.mp3","meanings/to joke.mp3","kāi wán xiào","current story new_words (b01c06-unsold-carving)","Reusable verb for work, training, choices, conflict, and character change."
"解释","to explain","new","9","Action verb;current story new_words (b01c06-unsold-carving)","","words/解释.mp3","meanings/to explain.mp3","jiě shì","current story new_words (b01c06-unsold-carving)","Reusable verb for work, training, choices, conflict, and character change."
"观察","to observe","new","9","Action verb;current story new_words (b01c06-third-smile)","","words/观察.mp3","meanings/to observe.mp3","guān chá","current story new_words (b01c06-third-smile)","Reusable verb for work, training, choices, conflict, and character change."
"回头","to come back","new","9","Action verb;current story new_words (b01c07-returning-customer)","","words/回头.mp3","meanings/to come back.mp3","huí tóu","current story new_words (b01c07-returning-customer)","Reusable verb for work, training, choices, conflict, and character change."
"信","to trust","new","10","Action verb;current story new_words (b01c07-returning-customer)","","words/信.mp3","meanings/to trust.mp3","xìn","current story new_words (b01c07-returning-customer)","Reusable verb for work, training, choices, conflict, and character change."
"照样","all the same; as before","new","10","Action verb;current story new_words (b01c07-returning-customer)","","words/照样.mp3","meanings/all the same; as before.mp3","zhào yàng","current story new_words (b01c07-returning-customer)","Reusable verb for work, training, choices, conflict, and character change."
"发抖","to shake","new","10","Action verb;current story new_words (b01c07-night-lamp)","","words/发抖.mp3","meanings/to shake.mp3","fā dǒu","current story new_words (b01c07-night-lamp)","Reusable verb for work, training, choices, conflict, and character change."
"撑","to push through; to force oneself on","new","10","Action verb;current story new_words (b01c07-night-lamp)","","words/撑.mp3","meanings/to push through; to force oneself on.mp3","chēng","current story new_words (b01c07-night-lamp)","Reusable verb for work, training, choices, conflict, and character change."
"停住","to stop in place","new","10","Action verb;current story new_words (b01c08-child-looked-long)","","words/停住.mp3","meanings/to stop in place.mp3","tíng zhù","current story new_words (b01c08-child-looked-long)","Reusable verb for work, training, choices, conflict, and character change."
"舍得","to be willing to part with","new","11","Action verb;current story new_words (b01c08-child-looked-long)","","words/舍得.mp3","meanings/to be willing to part with.mp3","shě de","current story new_words (b01c08-child-looked-long)","Reusable verb for work, training, choices, conflict, and character change."
"碰","to touch","new","11","Action verb;current story new_words (b01c08-child-looked-long)","","words/碰.mp3","meanings/to touch.mp3","pèng","current story new_words (b01c08-child-looked-long)","Reusable verb for work, training, choices, conflict, and character change."
"随手","casually","new","11","Action verb;current story new_words (b01c09-one-look-customer)","","words/随手.mp3","meanings/casually.mp3","suí shǒu","current story new_words (b01c09-one-look-customer)","Reusable verb for work, training, choices, conflict, and character change."
"评价","to judge; evaluation","new","11","Action verb;current story new_words (b01c09-one-look-customer)","","words/评价.mp3","meanings/to judge; evaluation.mp3","píng jià","current story new_words (b01c09-one-look-customer)","Reusable verb for work, training, choices, conflict, and character change."
"刺","to sting","new","11","Action verb;current story new_words (b01c09-one-look-customer)","","words/刺.mp3","meanings/to sting.mp3","cì","current story new_words (b01c09-one-look-customer)","Reusable verb for work, training, choices, conflict, and character change."
"着急","anxious","new","12","Action verb;current story new_words (b01c09-learning-to-wait)","","words/着急.mp3","meanings/anxious.mp3","zháo jí","current story new_words (b01c09-learning-to-wait)","Reusable verb for work, training, choices, conflict, and character change."
"提前","in advance","new","12","Action verb;current story new_words (b01c09-learning-to-wait)","","words/提前.mp3","meanings/in advance.mp3","tí qián","current story new_words (b01c09-learning-to-wait)","Reusable verb for work, training, choices, conflict, and character change."
"留","to leave behind","new","12","Action verb;current story new_words (b01c10-asked-the-name)","","words/留.mp3","meanings/to leave behind.mp3","liú","current story new_words (b01c10-asked-the-name)","Reusable verb for work, training, choices, conflict, and character change."
"负责","to take responsibility","new","12","Action verb;current story new_words (b01c10-asked-the-name)","","words/负责.mp3","meanings/to take responsibility.mp3","fù zé","current story new_words (b01c10-asked-the-name)","Reusable verb for work, training, choices, conflict, and character change."
"认","to acknowledge","new","12","Action verb;current story new_words (b01c10-asked-the-name)","","words/认.mp3","meanings/to acknowledge.mp3","rèn","current story new_words (b01c10-asked-the-name)","Reusable verb for work, training, choices, conflict, and character change."
"传开","to spread around","new","13","Action verb;current story new_words (b01c10-asked-the-name)","","words/传开.mp3","meanings/to spread around.mp3","chuán kāi","current story new_words (b01c10-asked-the-name)","Reusable verb for work, training, choices, conflict, and character change."
"练习","to practice","new","13","Action verb;current story new_words (b01c10-made-for-himself)","","words/练习.mp3","meanings/to practice.mp3","liàn xí","current story new_words (b01c10-made-for-himself)","Reusable verb for work, training, choices, conflict, and character change."
"进入","to enter","new","13","Action verb;old story_engine lexicon","","words/进入.mp3","meanings/to enter.mp3","jìn rù","old story_engine lexicon","Reusable verb for work, training, choices, conflict, and character change."
"关上","to close","new","13","Action verb;old story_engine lexicon","","words/关上.mp3","meanings/to close.mp3","guān shàng","old story_engine lexicon","Reusable verb for work, training, choices, conflict, and character change."
"放","to put down","new","13","Action verb;old story_engine lexicon","","words/放.mp3","meanings/to put down.mp3","fàng","old story_engine lexicon","Reusable verb for work, training, choices, conflict, and character change."
"保护","to protect","new","14","Action verb;old story_engine lexicon","","words/保护.mp3","meanings/to protect.mp3","bǎo hù","old story_engine lexicon","Reusable verb for work, training, choices, conflict, and character change."
"拒绝","to refuse","new","14","Action verb;old story_engine lexicon","","words/拒绝.mp3","meanings/to refuse.mp3","jù jué","old story_engine lexicon","Reusable verb for work, training, choices, conflict, and character change."
"完成","to complete","new","14","Action verb;old story_engine lexicon","","words/完成.mp3","meanings/to complete.mp3","wán chéng","old story_engine lexicon","Reusable verb for work, training, choices, conflict, and character change."
"结束","to end","new","14","Action verb;old story_engine lexicon","","words/结束.mp3","meanings/to end.mp3","jié shù","old story_engine lexicon","Reusable verb for work, training, choices, conflict, and character change."
"等待","to wait","new","14","Action verb;old story_engine lexicon","","words/等待.mp3","meanings/to wait.mp3","děng dài","old story_engine lexicon","Reusable verb for work, training, choices, conflict, and character change."
"继续","to continue","new","15","Action verb;old story_engine lexicon","","words/继续.mp3","meanings/to continue.mp3","jì xù","old story_engine lexicon","Reusable verb for work, training, choices, conflict, and character change."
"舍不得","unable to let go","new","15","Emotion / inner life;current story new_words (b01c01-sell-old-account)","","words/舍不得.mp3","meanings/unable to let go.mp3","shě bu de","current story new_words (b01c01-sell-old-account)","Lets the required internal struggle and realization feel specific without advanced prose."
"运气","luck","new","15","Emotion / inner life;current story new_words (b01c02-hit-the-scarecrow)","","words/运气.mp3","meanings/luck.mp3","yùn qi","current story new_words (b01c02-hit-the-scarecrow)","Lets the required internal struggle and realization feel specific without advanced prose."
"稳","steady","new","15","Emotion / inner life;current story new_words (b01c02-hit-the-scarecrow)","","words/稳.mp3","meanings/steady.mp3","wěn","current story new_words (b01c02-hit-the-scarecrow)","Lets the required internal struggle and realization feel specific without advanced prose."
"合适","suitable","new","15","Emotion / inner life;current story new_words (b01c02-last-one-in-the-yard)","","words/合适.mp3","meanings/suitable.mp3","hé shì","current story new_words (b01c02-last-one-in-the-yard)","Lets the required internal struggle and realization feel specific without advanced prose."
"清楚","clear","new","16","Emotion / inner life;current story new_words (b01c03-listen-to-the-story)","","words/清楚.mp3","meanings/clear.mp3","qīng chu","current story new_words (b01c03-listen-to-the-story)","Lets the required internal struggle and realization feel specific without advanced prose."
"耐心","patience","new","16","Emotion / inner life;current story new_words (b01c03-last-old-sentence)","","words/耐心.mp3","meanings/patience.mp3","nài xīn","current story new_words (b01c03-last-old-sentence)","Lets the required internal struggle and realization feel specific without advanced prose."
"长远","long-term","new","16","Emotion / inner life;current story new_words (b01c04-useless-looking-job)","","words/长远.mp3","meanings/long-term.mp3","cháng yuǎn","current story new_words (b01c04-useless-looking-job)","Lets the required internal struggle and realization feel specific without advanced prose."
"笑话","joke; laughingstock","new","16","Emotion / inner life;current story new_words (b01c04-useless-looking-job)","","words/笑话.mp3","meanings/joke; laughingstock.mp3","xiào hua","current story new_words (b01c04-useless-looking-job)","Lets the required internal struggle and realization feel specific without advanced prose."
"满意","satisfied","new","16","Emotion / inner life;current story new_words (b01c05-first-piece-of-wood)","","words/满意.mp3","meanings/satisfied.mp3","mǎn yì","current story new_words (b01c05-first-piece-of-wood)","Lets the required internal struggle and realization feel specific without advanced prose."
"值得","worth it","new","17","Emotion / inner life;current story new_words (b01c05-no-one-laughed)","","words/值得.mp3","meanings/worth it.mp3","zhí dé","current story new_words (b01c05-no-one-laughed)","Lets the required internal struggle and realization feel specific without advanced prose."
"僵","stiff","new","17","Emotion / inner life;current story new_words (b01c06-third-smile)","","words/僵.mp3","meanings/stiff.mp3","jiāng","current story new_words (b01c06-third-smile)","Lets the required internal struggle and realization feel specific without advanced prose."
"自然","natural","new","17","Emotion / inner life;current story new_words (b01c06-third-smile)","","words/自然.mp3","meanings/natural.mp3","zì rán","current story new_words (b01c06-third-smile)","Lets the required internal struggle and realization feel specific without advanced prose."
"硬","stiff; hard","new","17","Emotion / inner life;current story new_words (b01c07-night-lamp)","","words/硬.mp3","meanings/stiff; hard.mp3","yìng","current story new_words (b01c07-night-lamp)","Lets the required internal struggle and realization feel specific without advanced prose."
"后悔","to regret","new","17","Emotion / inner life;current story new_words (b01c08-cheap-sale-day)","","words/后悔.mp3","meanings/to regret.mp3","hòu huǐ","current story new_words (b01c08-cheap-sale-day)","Lets the required internal struggle and realization feel specific without advanced prose."
"看轻","to think lightly of; undervalue","new","18","Emotion / inner life;current story new_words (b01c08-cheap-sale-day)","","words/看轻.mp3","meanings/to think lightly of; undervalue.mp3","kàn qīng","current story new_words (b01c08-cheap-sale-day)","Lets the required internal struggle and realization feel specific without advanced prose."
"珍贵","precious","new","18","Emotion / inner life;current story new_words (b01c08-child-looked-long)","","words/珍贵.mp3","meanings/precious.mp3","zhēn guì","current story new_words (b01c08-child-looked-long)","Lets the required internal struggle and realization feel specific without advanced prose."
"专心","focused","new","18","Emotion / inner life;current story new_words (b01c09-one-look-customer)","","words/专心.mp3","meanings/focused.mp3","zhuān xīn","current story new_words (b01c09-one-look-customer)","Lets the required internal struggle and realization feel specific without advanced prose."
"机会","chance","new","18","Emotion / inner life;old story_engine lexicon","","words/机会.mp3","meanings/chance.mp3","jī huì","old story_engine lexicon","Lets the required internal struggle and realization feel specific without advanced prose."
"答案","answer","new","18","Emotion / inner life;old story_engine lexicon","","words/答案.mp3","meanings/answer.mp3","dá àn","old story_engine lexicon","Lets the required internal struggle and realization feel specific without advanced prose."
"真相","truth","new","19","Emotion / inner life;old story_engine lexicon","","words/真相.mp3","meanings/truth.mp3","zhēn xiàng","old story_engine lexicon","Lets the required internal struggle and realization feel specific without advanced prose."
"秘密","secret","new","19","Emotion / inner life;old story_engine lexicon","","words/秘密.mp3","meanings/secret.mp3","mì mì","old story_engine lexicon","Lets the required internal struggle and realization feel specific without advanced prose."
"记忆","memory","new","19","Emotion / inner life;old story_engine lexicon","","words/记忆.mp3","meanings/memory.mp3","jì yì","old story_engine lexicon","Lets the required internal struggle and realization feel specific without advanced prose."
"约定","promise","new","19","Emotion / inner life;old story_engine lexicon","","words/约定.mp3","meanings/promise.mp3","yuē dìng","old story_engine lexicon","Lets the required internal struggle and realization feel specific without advanced prose."
"命运","fate","new","19","Emotion / inner life;old story_engine lexicon","","words/命运.mp3","meanings/fate.mp3","mìng yùn","old story_engine lexicon","Lets the required internal struggle and realization feel specific without advanced prose."
"价值","value","new","20","Emotion / inner life;old story_engine lexicon","","words/价值.mp3","meanings/value.mp3","jià zhí","old story_engine lexicon","Lets the required internal struggle and realization feel specific without advanced prose."
"恨","hate","new","20","Emotion / inner life;old story_engine lexicon","","words/恨.mp3","meanings/hate.mp3","hèn","old story_engine lexicon","Lets the required internal struggle and realization feel specific without advanced prose."
"痛苦","pain","new","20","Emotion / inner life;old story_engine lexicon","","words/痛苦.mp3","meanings/pain.mp3","tòng kǔ","old story_engine lexicon","Lets the required internal struggle and realization feel specific without advanced prose."
"失望","disappointed","new","20","Emotion / inner life;old story_engine lexicon","","words/失望.mp3","meanings/disappointed.mp3","shī wàng","old story_engine lexicon","Lets the required internal struggle and realization feel specific without advanced prose."
"勇气","courage","new","20","Emotion / inner life;old story_engine lexicon","","words/勇气.mp3","meanings/courage.mp3","yǒng qì","old story_engine lexicon","Lets the required internal struggle and realization feel specific without advanced prose."
"荣耀","glory","new","21","Emotion / inner life;old story_engine lexicon","","words/荣耀.mp3","meanings/glory.mp3","róng yào","old story_engine lexicon","Lets the required internal struggle and realization feel specific without advanced prose."
"危险","danger","new","21","Emotion / inner life;old story_engine lexicon","","words/危险.mp3","meanings/danger.mp3","wēi xiǎn","old story_engine lexicon","Lets the required internal struggle and realization feel specific without advanced prose."
"难过","sad","new","21","Emotion / inner life;old narrative_support lexicon","","words/难过.mp3","meanings/sad.mp3","nán guò","old narrative_support lexicon","Lets the required internal struggle and realization feel specific without advanced prose."
"紧张","nervous","new","21","Emotion / inner life;old narrative_support lexicon","","words/紧张.mp3","meanings/nervous.mp3","jǐn zhāng","old narrative_support lexicon","Lets the required internal struggle and realization feel specific without advanced prose."
"惊讶","surprised","new","21","Emotion / inner life;old narrative_support lexicon","","words/惊讶.mp3","meanings/surprised.mp3","jīng yà","old narrative_support lexicon","Lets the required internal struggle and realization feel specific without advanced prose."
"害羞","shy","new","22","Emotion / inner life;old narrative_support lexicon","","words/害羞.mp3","meanings/shy.mp3","hài xiū","old narrative_support lexicon","Lets the required internal struggle and realization feel specific without advanced prose."
"冷静","calm","new","22","Emotion / inner life;old narrative_support lexicon","","words/冷静.mp3","meanings/calm.mp3","lěng jìng","old narrative_support lexicon","Lets the required internal struggle and realization feel specific without advanced prose."
"坚定","firm","new","22","Emotion / inner life;old narrative_support lexicon","","words/坚定.mp3","meanings/firm.mp3","jiān dìng","old narrative_support lexicon","Lets the required internal struggle and realization feel specific without advanced prose."
"平静","peaceful","new","22","Emotion / inner life;old narrative_support lexicon","","words/平静.mp3","meanings/peaceful.mp3","píng jìng","old narrative_support lexicon","Lets the required internal struggle and realization feel specific without advanced prose."
"混乱","chaotic","new","22","Emotion / inner life;old narrative_support lexicon","","words/混乱.mp3","meanings/chaotic.mp3","hùn luàn","old narrative_support lexicon","Lets the required internal struggle and realization feel specific without advanced prose."
"压力","pressure","new","23","Emotion / inner life;manual LMS story-engine addition","","words/压力.mp3","meanings/pressure.mp3","yā lì","manual LMS story-engine addition","Lets the required internal struggle and realization feel specific without advanced prose."
"摊位","stall","new","23","LMS domain;current story new_words (b01c05-no-one-laughed)","","words/摊位.mp3","meanings/stall.mp3","tān wèi","current story new_words (b01c05-no-one-laughed)","Core Legendary Moonlight Sculptor, game, work, money, and sculpting vocabulary."
"价格","price","new","23","LMS domain;current story new_words (b01c06-unsold-carving)","","words/价格.mp3","meanings/price.mp3","jià gé","current story new_words (b01c06-unsold-carving)","Core Legendary Moonlight Sculptor, game, work, money, and sculpting vocabulary."
"客人","customer; guest","new","23","LMS domain;current story new_words (b01c07-returning-customer)","","words/客人.mp3","meanings/customer; guest.mp3","kè rén","current story new_words (b01c07-returning-customer)","Core Legendary Moonlight Sculptor, game, work, money, and sculpting vocabulary."
"作品","work; piece","new","23","LMS domain;current story new_words (b01c10-made-for-himself)","","words/作品.mp3","meanings/work; piece.mp3","zuò pǐn","current story new_words (b01c10-made-for-himself)","Core Legendary Moonlight Sculptor, game, work, money, and sculpting vocabulary."
"账号","account","new","24","LMS domain;old story_engine lexicon","","words/账号.mp3","meanings/account.mp3","zhàng hào","old story_engine lexicon","Core Legendary Moonlight Sculptor, game, work, money, and sculpting vocabulary."
"玩家","player","new","24","LMS domain;old story_engine lexicon","","words/玩家.mp3","meanings/player.mp3","wán jiā","old story_engine lexicon","Core Legendary Moonlight Sculptor, game, work, money, and sculpting vocabulary."
"新手","newbie","new","24","LMS domain;old story_engine lexicon","","words/新手.mp3","meanings/newbie.mp3","xīn shǒu","old story_engine lexicon","Core Legendary Moonlight Sculptor, game, work, money, and sculpting vocabulary."
"高手","expert","new","24","LMS domain;old story_engine lexicon","","words/高手.mp3","meanings/expert.mp3","gāo shǒu","old story_engine lexicon","Core Legendary Moonlight Sculptor, game, work, money, and sculpting vocabulary."
"等级","level","new","24","LMS domain;old story_engine lexicon","","words/等级.mp3","meanings/level.mp3","děng jí","old story_engine lexicon","Core Legendary Moonlight Sculptor, game, work, money, and sculpting vocabulary."
"经验","experience points","new","25","LMS domain;old story_engine lexicon","","words/经验.mp3","meanings/experience points.mp3","jīng yàn","old story_engine lexicon","Core Legendary Moonlight Sculptor, game, work, money, and sculpting vocabulary."
"技能","skill","new","25","LMS domain;old story_engine lexicon","","words/技能.mp3","meanings/skill.mp3","jì néng","old story_engine lexicon","Core Legendary Moonlight Sculptor, game, work, money, and sculpting vocabulary."
"任务","quest","new","25","LMS domain;old story_engine lexicon","","words/任务.mp3","meanings/quest.mp3","rèn wu","old story_engine lexicon","Core Legendary Moonlight Sculptor, game, work, money, and sculpting vocabulary."
"奖励","reward","new","25","LMS domain;old story_engine lexicon","","words/奖励.mp3","meanings/reward.mp3","jiǎng lì","old story_engine lexicon","Core Legendary Moonlight Sculptor, game, work, money, and sculpting vocabulary."
"金币","gold coin","new","25","LMS domain;old story_engine lexicon","","words/金币.mp3","meanings/gold coin.mp3","jīn bì","old story_engine lexicon","Core Legendary Moonlight Sculptor, game, work, money, and sculpting vocabulary."
"银币","silver coin","new","26","LMS domain;old story_engine lexicon","","words/银币.mp3","meanings/silver coin.mp3","yín bì","old story_engine lexicon","Core Legendary Moonlight Sculptor, game, work, money, and sculpting vocabulary."
"铜币","copper coin","new","26","LMS domain;old story_engine lexicon","","words/铜币.mp3","meanings/copper coin.mp3","tóng bì","old story_engine lexicon","Core Legendary Moonlight Sculptor, game, work, money, and sculpting vocabulary."
"债","debt","new","26","LMS domain;old story_engine lexicon","","words/债.mp3","meanings/debt.mp3","zhài","old story_engine lexicon","Core Legendary Moonlight Sculptor, game, work, money, and sculpting vocabulary."
"利息","interest","new","26","LMS domain;old story_engine lexicon","","words/利息.mp3","meanings/interest.mp3","lì xī","old story_engine lexicon","Core Legendary Moonlight Sculptor, game, work, money, and sculpting vocabulary."
"生意","business","new","26","LMS domain;old story_engine lexicon","","words/生意.mp3","meanings/business.mp3","shēng yì","old story_engine lexicon","Core Legendary Moonlight Sculptor, game, work, money, and sculpting vocabulary."
"工资","wages","new","27","LMS domain;old story_engine lexicon","","words/工资.mp3","meanings/wages.mp3","gōng zī","old story_engine lexicon","Core Legendary Moonlight Sculptor, game, work, money, and sculpting vocabulary."
"机器","machine","new","27","LMS domain;old story_engine lexicon","","words/机器.mp3","meanings/machine.mp3","jī qì","old story_engine lexicon","Core Legendary Moonlight Sculptor, game, work, money, and sculpting vocabulary."
"胶囊","capsule","new","27","LMS domain;old story_engine lexicon","","words/胶囊.mp3","meanings/capsule.mp3","jiāo náng","old story_engine lexicon","Core Legendary Moonlight Sculptor, game, work, money, and sculpting vocabulary."
"王国","kingdom","new","27","LMS domain;old story_engine lexicon","","words/王国.mp3","meanings/kingdom.mp3","wáng guó","old story_engine lexicon","Core Legendary Moonlight Sculptor, game, work, money, and sculpting vocabulary."
"市场","market","new","27","LMS domain;old story_engine lexicon","","words/市场.mp3","meanings/market.mp3","shì chǎng","old story_engine lexicon","Core Legendary Moonlight Sculptor, game, work, money, and sculpting vocabulary."
"训练场","training hall","new","28","LMS domain;old story_engine lexicon","","words/训练场.mp3","meanings/training hall.mp3","xùn liàn chǎng","old story_engine lexicon","Core Legendary Moonlight Sculptor, game, work, money, and sculpting vocabulary."
"稻草人","scarecrow","new","28","LMS domain;old story_engine lexicon","","words/稻草人.mp3","meanings/scarecrow.mp3","dào cǎo rén","old story_engine lexicon","Core Legendary Moonlight Sculptor, game, work, money, and sculpting vocabulary."
"木剑","wooden sword","new","28","LMS domain;old story_engine lexicon","","words/木剑.mp3","meanings/wooden sword.mp3","mù jiàn","old story_engine lexicon","Core Legendary Moonlight Sculptor, game, work, money, and sculpting vocabulary."
"剑","sword","new","28","LMS domain;old story_engine lexicon","","words/剑.mp3","meanings/sword.mp3","jiàn","old story_engine lexicon","Core Legendary Moonlight Sculptor, game, work, money, and sculpting vocabulary."
"盾牌","shield","new","28","LMS domain;old story_engine lexicon","","words/盾牌.mp3","meanings/shield.mp3","dùn pái","old story_engine lexicon","Core Legendary Moonlight Sculptor, game, work, money, and sculpting vocabulary."
"盔甲","armor","new","29","LMS domain;old story_engine lexicon","","words/盔甲.mp3","meanings/armor.mp3","kuī jiǎ","old story_engine lexicon","Core Legendary Moonlight Sculptor, game, work, money, and sculpting vocabulary."
"药","medicine","new","29","LMS domain;old story_engine lexicon","","words/药.mp3","meanings/medicine.mp3","yào","old story_engine lexicon","Core Legendary Moonlight Sculptor, game, work, money, and sculpting vocabulary."
"医院","hospital","new","29","LMS domain;old story_engine lexicon","","words/医院.mp3","meanings/hospital.mp3","yī yuàn","old story_engine lexicon","Core Legendary Moonlight Sculptor, game, work, money, and sculpting vocabulary."
"工厂","factory","new","29","LMS domain;old story_engine lexicon","","words/工厂.mp3","meanings/factory.mp3","gōng chǎng","old story_engine lexicon","Core Legendary Moonlight Sculptor, game, work, money, and sculpting vocabulary."
"伤口","wound","new","29","Concrete story noun;current story new_words (b01c01-hide-tired-hands)","","words/伤口.mp3","meanings/wound.mp3","shāng kǒu","current story new_words (b01c01-hide-tired-hands)","Concrete scene vocabulary for homes, markets, bodies, tools, places, and objects."
"动作","movement; action","new","30","Concrete story noun;current story new_words (b01c02-last-one-in-the-yard)","","words/动作.mp3","meanings/movement; action.mp3","dòng zuò","current story new_words (b01c02-last-one-in-the-yard)","Concrete scene vocabulary for homes, markets, bodies, tools, places, and objects."
"线索","clue","new","30","Concrete story noun;current story new_words (b01c03-last-old-sentence)","","words/线索.mp3","meanings/clue.mp3","xiàn suǒ","current story new_words (b01c03-last-old-sentence)","Concrete scene vocabulary for homes, markets, bodies, tools, places, and objects."
"表面","surface; outward appearance","new","30","Concrete story noun;current story new_words (b01c04-useless-looking-job)","","words/表面.mp3","meanings/surface; outward appearance.mp3","biǎo miàn","current story new_words (b01c04-useless-looking-job)","Concrete scene vocabulary for homes, markets, bodies, tools, places, and objects."
"手指","finger","new","30","Concrete story noun;current story new_words (b01c04-first-sculpting-knife)","","words/手指.mp3","meanings/finger.mp3","shǒu zhǐ","current story new_words (b01c04-first-sculpting-knife)","Concrete scene vocabulary for homes, markets, bodies, tools, places, and objects."
"表情","expression","new","30","Concrete story noun;current story new_words (b01c05-first-piece-of-wood)","","words/表情.mp3","meanings/expression.mp3","biǎo qíng","current story new_words (b01c05-first-piece-of-wood)","Concrete scene vocabulary for homes, markets, bodies, tools, places, and objects."
"笑脸","smiling face","new","31","Concrete story noun;current story new_words (b01c06-third-smile)","","words/笑脸.mp3","meanings/smiling face.mp3","xiào liǎn","current story new_words (b01c06-third-smile)","Concrete scene vocabulary for homes, markets, bodies, tools, places, and objects."
"镜子","mirror","new","31","Concrete story noun;current story new_words (b01c06-third-smile)","","words/镜子.mp3","meanings/mirror.mp3","jìng zi","current story new_words (b01c06-third-smile)","Concrete scene vocabulary for homes, markets, bodies, tools, places, and objects."
"台灯","desk lamp","new","31","Concrete story noun;current story new_words (b01c07-night-lamp)","","words/台灯.mp3","meanings/desk lamp.mp3","tái dēng","current story new_words (b01c07-night-lamp)","Concrete scene vocabulary for homes, markets, bodies, tools, places, and objects."
"本钱","cost; original expense","new","31","Concrete story noun;current story new_words (b01c08-cheap-sale-day)","","words/本钱.mp3","meanings/cost; original expense.mp3","běn qián","current story new_words (b01c08-cheap-sale-day)","Concrete scene vocabulary for homes, markets, bodies, tools, places, and objects."
"步骤","step; stage","new","31","Concrete story noun;current story new_words (b01c09-learning-to-wait)","","words/步骤.mp3","meanings/step; stage.mp3","bù zhòu","current story new_words (b01c09-learning-to-wait)","Concrete scene vocabulary for homes, markets, bodies, tools, places, and objects."
"目的","purpose","new","32","Concrete story noun;current story new_words (b01c10-made-for-himself)","","words/目的.mp3","meanings/purpose.mp3","mù dì","current story new_words (b01c10-made-for-himself)","Concrete scene vocabulary for homes, markets, bodies, tools, places, and objects."
"护士","nurse","new","32","Concrete story noun;old story_engine lexicon","","words/护士.mp3","meanings/nurse.mp3","hù shi","old story_engine lexicon","Concrete scene vocabulary for homes, markets, bodies, tools, places, and objects."
"店主","shopkeeper","new","32","Concrete story noun;old story_engine lexicon","","words/店主.mp3","meanings/shopkeeper.mp3","diàn zhǔ","old story_engine lexicon","Concrete scene vocabulary for homes, markets, bodies, tools, places, and objects."
"商人","merchant","new","32","Concrete story noun;old story_engine lexicon","","words/商人.mp3","meanings/merchant.mp3","shāng rén","old story_engine lexicon","Concrete scene vocabulary for homes, markets, bodies, tools, places, and objects."
"工人","worker","new","32","Concrete story noun;old story_engine lexicon","","words/工人.mp3","meanings/worker.mp3","gōng rén","old story_engine lexicon","Concrete scene vocabulary for homes, markets, bodies, tools, places, and objects."
"老板","boss","new","33","Concrete story noun;old story_engine lexicon","","words/老板.mp3","meanings/boss.mp3","lǎo bǎn","old story_engine lexicon","Concrete scene vocabulary for homes, markets, bodies, tools, places, and objects."
"战士","warrior","new","33","Concrete story noun;old story_engine lexicon","","words/战士.mp3","meanings/warrior.mp3","zhàn shì","old story_engine lexicon","Concrete scene vocabulary for homes, markets, bodies, tools, places, and objects."
"骑士","knight","new","33","Concrete story noun;old story_engine lexicon","","words/骑士.mp3","meanings/knight.mp3","qí shì","old story_engine lexicon","Concrete scene vocabulary for homes, markets, bodies, tools, places, and objects."
"士兵","soldier","new","33","Concrete story noun;old story_engine lexicon","","words/士兵.mp3","meanings/soldier.mp3","shì bīng","old story_engine lexicon","Concrete scene vocabulary for homes, markets, bodies, tools, places, and objects."
"女仆","maid","new","33","Concrete story noun;old story_engine lexicon","","words/女仆.mp3","meanings/maid.mp3","nǚ pú","old story_engine lexicon","Concrete scene vocabulary for homes, markets, bodies, tools, places, and objects."
"热闹","lively","new","34","Description / adverb;current story new_words (b01c02-hit-the-scarecrow)","","words/热闹.mp3","meanings/lively.mp3","rè nào","current story new_words (b01c02-hit-the-scarecrow)","Simple modifiers that make scenes clearer while staying learner-friendly."
"愣住","to be stunned","new","34","Description / adverb;current story new_words (b01c02-hit-the-scarecrow)","","words/愣住.mp3","meanings/to be stunned.mp3","lèng zhù","current story new_words (b01c02-hit-the-scarecrow)","Simple modifiers that make scenes clearer while staying learner-friendly."
"忽然","suddenly","new","34","Description / adverb;current story new_words (b01c03-listen-to-the-story)","","words/忽然.mp3","meanings/suddenly.mp3","hū rán","current story new_words (b01c03-listen-to-the-story)","Simple modifiers that make scenes clearer while staying learner-friendly."
"锋利","sharp","new","34","Description / adverb;current story new_words (b01c04-first-sculpting-knife)","","words/锋利.mp3","meanings/sharp.mp3","fēng lì","current story new_words (b01c04-first-sculpting-knife)","Simple modifiers that make scenes clearer while staying learner-friendly."
"轻轻","lightly","new","34","Description / adverb;current story new_words (b01c04-first-sculpting-knife)","","words/轻轻.mp3","meanings/lightly.mp3","qīng qīng","current story new_words (b01c04-first-sculpting-knife)","Simple modifiers that make scenes clearer while staying learner-friendly."
"歪","crooked","new","35","Description / adverb;current story new_words (b01c05-first-piece-of-wood)","","words/歪.mp3","meanings/crooked.mp3","wāi","current story new_words (b01c05-first-piece-of-wood)","Simple modifiers that make scenes clearer while staying learner-friendly."
"认真","serious","new","35","Description / adverb;current story new_words (b01c05-no-one-laughed)","","words/认真.mp3","meanings/serious.mp3","rèn zhēn","current story new_words (b01c05-no-one-laughed)","Simple modifiers that make scenes clearer while staying learner-friendly."
"留着","to keep; to leave kept","new","35","Description / adverb;current story new_words (b01c10-made-for-himself)","","words/留着.mp3","meanings/to keep; to leave kept.mp3","liú zhe","current story new_words (b01c10-made-for-himself)","Simple modifiers that make scenes clearer while staying learner-friendly."
"中午","noon","new","35","Description / adverb;old narrative_support lexicon","","words/中午.mp3","meanings/noon.mp3","zhōng wǔ","old narrative_support lexicon","Simple modifiers that make scenes clearer while staying learner-friendly."
"半夜","midnight","new","35","Description / adverb;old narrative_support lexicon","","words/半夜.mp3","meanings/midnight.mp3","bàn yè","old narrative_support lexicon","Simple modifiers that make scenes clearer while staying learner-friendly."
"短","short","new","36","Description / adverb;old narrative_support lexicon","","words/短.mp3","meanings/short.mp3","duǎn","old narrative_support lexicon","Simple modifiers that make scenes clearer while staying learner-friendly."
"假","false","new","36","Description / adverb;old narrative_support lexicon","","words/假.mp3","meanings/false.mp3","jiǎ","old narrative_support lexicon","Simple modifiers that make scenes clearer while staying learner-friendly."
"坏","bad","new","36","Description / adverb;old narrative_support lexicon","","words/坏.mp3","meanings/bad.mp3","huài","old narrative_support lexicon","Simple modifiers that make scenes clearer while staying learner-friendly."
"李贤","Lee Hyun","new","36","Fixed LMS term;old fixed_term lexicon","","words/李贤.mp3","meanings/Lee Hyun.mp3","Lǐ Xián","old fixed_term lexicon","Recurring names and setting terms worth knowing so future LMS stories can name the world directly."
"李夏妍","Lee Hayan","new","36","Fixed LMS term;old fixed_term lexicon","","words/李夏妍.mp3","meanings/Lee Hayan.mp3","Lǐ Xià yán","old fixed_term lexicon","Recurring names and setting terms worth knowing so future LMS stories can name the world directly."
"杂草","Weed","new","37","Fixed LMS term;old fixed_term lexicon","","words/杂草.mp3","meanings/Weed.mp3","Zá Cǎo","old fixed_term lexicon","Recurring names and setting terms worth knowing so future LMS stories can name the world directly."
"皇家之路","Royal Road","new","37","Fixed LMS term;old fixed_term lexicon","","words/皇家之路.mp3","meanings/Royal Road.mp3","huáng jiā zhī lù","old fixed_term lexicon","Recurring names and setting terms worth knowing so future LMS stories can name the world directly."
"罗森海姆","Rosenheim","new","37","Fixed LMS term;old fixed_term lexicon","","words/罗森海姆.mp3","meanings/Rosenheim.mp3","Luó sēn hǎi mǔ","old fixed_term lexicon","Recurring names and setting terms worth knowing so future LMS stories can name the world directly."
"塞拉堡","Serabourg","new","37","Fixed LMS term;old fixed_term lexicon","","words/塞拉堡.mp3","meanings/Serabourg.mp3","Sài lā bǎo","old fixed_term lexicon","Recurring names and setting terms worth knowing so future LMS stories can name the world directly."
"扎哈布","Zahab","new","37","Fixed LMS term;old fixed_term lexicon","","words/扎哈布.mp3","meanings/Zahab.mp3","Zhā hā bù","old fixed_term lexicon","Recurring names and setting terms worth knowing so future LMS stories can name the world directly."
"月光雕刻师","Moonlight Sculptor","new","38","Fixed LMS term;old fixed_term lexicon","","words/月光雕刻师.mp3","meanings/Moonlight Sculptor.mp3","yuè guāng diāo kè shī","old fixed_term lexicon","Recurring names and setting terms worth knowing so future LMS stories can name the world directly."
"雕刻店","sculpture shop","new","38","Fixed LMS term;old fixed_term lexicon","","words/雕刻店.mp3","meanings/sculpture shop.mp3","diāo kè diàn","old fixed_term lexicon","Recurring names and setting terms worth knowing so future LMS stories can name the world directly."
"秘密职业","hidden class","new","38","Fixed LMS term;old fixed_term lexicon","","words/秘密职业.mp3","meanings/hidden class.mp3","mì mì zhí yè","old fixed_term lexicon","Recurring names and setting terms worth knowing so future LMS stories can name the world directly."
